hostname001,192.168.55.1,37,10186
hostname002,192.168.55.2,37,10186
hostname003,192.168.55.3,37,10186
hostname004,192.168.55.4,37,10186
hostname005,192.168.55.5,37,10186
hostname006,192.168.55.6,37,10186
hostname007,192.168.55.7,37,10186
hostname008,192.168.55.8,37,10186
hostname009,192.168.55.9,37,10186
hostname010,192.168.55.10,37,10186
hostname011,192.168.55.11,37,10186
hostname012,192.168.55.12,37,10186
hostname013,192.168.55.13,37,10186
hostname014,192.168.55.14,37,10186
hostname015,192.168.55.15,37,10186
hostname016,192.168.55.16,37,10186
hostname017,192.168.55.17,37,10186
hostname018,192.168.55.18,37,10186
hostname019,192.168.55.19,37,10186
hostname020,192.168.55.20,37,10186
hostname021,192.168.55.21,37,10186
hostname022,192.168.55.22,37,10186
hostname023,192.168.55.23,37,10186
hostname024,192.168.55.24,37,10186
hostname025,192.168.55.25,37,10186
hostname026,192.168.55.26,37,10186
hostname027,192.168.55.27,37,10186
hostname028,192.168.55.28,37,10186
hostname029,192.168.55.29,37,10186
hostname030,192.168.55.30,37,10186
hostname031,192.168.55.31,37,10186
hostname032,192.168.55.32,37,10186
hostname033,192.168.55.33,37,10186
hostname034,192.168.55.34,37,10186
hostname035,192.168.55.35,37,10186
hostname036,192.168.55.36,37,10186
hostname037,192.168.55.37,37,10186
hostname038,192.168.55.38,37,10186
hostname039,192.168.55.39,37,10186
hostname040,192.168.55.40,37,10186
hostname041,192.168.55.41,37,10186
hostname042,192.168.55.42,37,10186
hostname043,192.168.55.43,37,10186
hostname044,192.168.55.44,37,10186
hostname045,192.168.55.45,37,10186
hostname046,192.168.55.46,37,10186
hostname047,192.168.55.47,37,10186
hostname048,192.168.55.48,37,10186
hostname049,192.168.55.49,37,10186
hostname050,192.168.55.50,37,10186
hostname051,192.168.55.51,37,10186
hostname052,192.168.55.52,37,10186
hostname053,192.168.55.53,37,10186
hostname054,192.168.55.54,37,10186
hostname055,192.168.55.55,37,10186
hostname056,192.168.55.56,37,10186
hostname057,192.168.55.57,37,10186
hostname058,192.168.55.58,37,10186
hostname059,192.168.55.59,37,10186
hostname060,192.168.55.60,37,10186
hostname061,192.168.55.61,37,10186
hostname062,192.168.55.62,37,10186
hostname063,192.168.55.63,37,10186
hostname064,192.168.55.64,37,10186
hostname065,192.168.55.65,37,10186
hostname066,192.168.55.66,37,10186
hostname067,192.168.55.67,37,10186
hostname068,192.168.55.68,37,10186
hostname069,192.168.55.69,37,10186
hostname070,192.168.55.70,37,10186
hostname071,192.168.55.71,37,10186
hostname072,192.168.55.72,37,10186
hostname073,192.168.55.73,37,10186
hostname074,192.168.55.74,37,10186
hostname075,192.168.55.75,37,10186
hostname076,192.168.55.76,37,10186
hostname077,192.168.55.77,37,10186
hostname078,192.168.55.78,37,10186
hostname079,192.168.55.79,37,10186
hostname080,192.168.55.80,37,10186
hostname081,192.168.55.81,37,10186
hostname082,192.168.55.82,37,10186
hostname083,192.168.55.83,37,10186
hostname084,192.168.55.84,37,10186
hostname085,192.168.55.85,37,10186
hostname086,192.168.55.86,37,10186
hostname087,192.168.55.87,37,10186
hostname088,192.168.55.88,37,10186
hostname089,192.168.55.89,37,10186
hostname090,192.168.55.90,37,10186
hostname091,192.168.55.91,37,10186
hostname092,192.168.55.92,37,10186
hostname093,192.168.55.93,37,10186
hostname094,192.168.55.94,37,10186
hostname095,192.168.55.95,37,10186
hostname096,192.168.55.96,37,10186
hostname097,192.168.55.97,37,10186
hostname098,192.168.55.98,37,10186
hostname099,192.168.55.99,37,10186
hostname100,192.168.55.100,37,10186
hostname101,192.168.55.101,37,10186
hostname102,192.168.55.102,37,10186
hostname103,192.168.55.103,37,10186
hostname104,192.168.55.104,37,10186
hostname105,192.168.55.105,37,10186
hostname106,192.168.55.106,37,10186
hostname107,192.168.55.107,37,10186
hostname108,192.168.55.108,37,10186
hostname109,192.168.55.109,37,10186
hostname110,192.168.55.110,37,10186
hostname111,192.168.55.111,37,10186
hostname112,192.168.55.112,37,10186
hostname113,192.168.55.113,37,10186
hostname114,192.168.55.114,37,10186
hostname115,192.168.55.115,37,10186
hostname116,192.168.55.116,37,10186
hostname117,192.168.55.117,37,10186
hostname118,192.168.55.118,37,10186
hostname119,192.168.55.119,37,10186
hostname120,192.168.55.120,37,10186
hostname121,192.168.55.121,37,10186
hostname122,192.168.55.122,37,10186
hostname123,192.168.55.123,37,10186
hostname124,192.168.55.124,37,10186
hostname125,192.168.55.125,37,10186
hostname126,192.168.55.126,37,10186
hostname127,192.168.55.127,37,10186
hostname128,192.168.55.128,37,10186
hostname129,192.168.55.129,37,10186
hostname130,192.168.55.130,37,10186
hostname131,192.168.55.131,37,10186
hostname132,192.168.55.132,37,10186
hostname133,192.168.55.133,37,10186
hostname134,192.168.55.134,37,10186
hostname135,192.168.55.135,37,10186
hostname136,192.168.55.136,37,10186
hostname137,192.168.55.137,37,10186
hostname138,192.168.55.138,37,10186
hostname139,192.168.55.139,37,10186
hostname140,192.168.55.140,37,10186
hostname141,192.168.55.141,37,10186
hostname142,192.168.55.142,37,10186
hostname143,192.168.55.143,37,10186
hostname144,192.168.55.144,37,10186
hostname145,192.168.55.145,37,10186
hostname146,192.168.55.146,37,10186
hostname147,192.168.55.147,37,10186
hostname148,192.168.55.148,37,10186
hostname149,192.168.55.149,37,10186
hostname150,192.168.55.150,37,10186
hostname151,192.168.55.151,37,10186
hostname152,192.168.55.152,37,10186
hostname153,192.168.55.153,37,10186
hostname154,192.168.55.154,37,10186
hostname155,192.168.55.155,37,10186
hostname156,192.168.55.156,37,10186
hostname157,192.168.55.157,37,10186
hostname158,192.168.55.158,37,10186
hostname159,192.168.55.159,37,10186
hostname160,192.168.55.160,37,10186
hostname161,192.168.55.161,37,10186
hostname162,192.168.55.162,37,10186
hostname163,192.168.55.163,37,10186
hostname164,192.168.55.164,37,10186
hostname165,192.168.55.165,37,10186
hostname166,192.168.55.166,37,10186
hostname167,192.168.55.167,37,10186
hostname168,192.168.55.168,37,10186
hostname169,192.168.55.169,37,10186
hostname170,192.168.55.170,37,10186
hostname171,192.168.55.171,37,10186
hostname172,192.168.55.172,37,10186
hostname173,192.168.55.173,37,10186
hostname174,192.168.55.174,37,10186
hostname175,192.168.55.175,37,10186
hostname176,192.168.55.176,37,10186
hostname177,192.168.55.177,37,10186
hostname178,192.168.55.178,37,10186
hostname179,192.168.55.179,37,10186
hostname180,192.168.55.180,37,10186
hostname181,192.168.55.181,37,10186
hostname182,192.168.55.182,37,10186
hostname183,192.168.55.183,37,10186
hostname184,192.168.55.184,37,10186
hostname185,192.168.55.185,37,10186
hostname186,192.168.55.186,37,10186
hostname187,192.168.55.187,37,10186
hostname188,192.168.55.188,37,10186
hostname189,192.168.55.189,37,10186
hostname190,192.168.55.190,37,10186
hostname191,192.168.55.191,37,10186
hostname192,192.168.55.192,37,10186
hostname193,192.168.55.193,37,10186
hostname194,192.168.55.194,37,10186
hostname195,192.168.55.195,37,10186
hostname196,192.168.55.196,37,10186
hostname197,192.168.55.197,37,10186
hostname198,192.168.55.198,37,10186
hostname199,192.168.55.199,37,10186
hostname200,192.168.55.200,37,10186
hostname201,192.168.55.201,37,10186
hostname202,192.168.55.202,37,10186
hostname203,192.168.55.203,37,10186
hostname204,192.168.55.204,37,10186
hostname205,192.168.55.205,37,10186
hostname206,192.168.55.206,37,10186
hostname207,192.168.55.207,37,10186
hostname208,192.168.55.208,37,10186
hostname209,192.168.55.209,37,10186
hostname210,192.168.55.210,37,10186
hostname211,192.168.55.211,37,10186
hostname212,192.168.55.212,37,10186
hostname213,192.168.55.213,37,10186
hostname214,192.168.55.214,37,10186
hostname215,192.168.55.215,37,10186
hostname216,192.168.55.216,37,10186
hostname217,192.168.55.217,37,10186
hostname218,192.168.55.218,37,10186
hostname219,192.168.55.219,37,10186
hostname220,192.168.55.220,37,10186
hostname221,192.168.55.221,37,10186
hostname222,192.168.55.222,37,10186
hostname223,192.168.55.223,37,10186
hostname224,192.168.55.224,37,10186
hostname225,192.168.55.225,37,10186
hostname226,192.168.55.226,37,10186
hostname227,192.168.55.227,37,10186
hostname228,192.168.55.228,37,10186
hostname229,192.168.55.229,37,10186
hostname230,192.168.55.230,37,10186
hostname231,192.168.55.231,37,10186
hostname232,192.168.55.232,37,10186
hostname233,192.168.55.233,37,10186
hostname234,192.168.55.234,37,10186
hostname235,192.168.55.235,37,10186
hostname236,192.168.55.236,37,10186
hostname237,192.168.55.237,37,10186
hostname238,192.168.55.238,37,10186
hostname239,192.168.55.239,37,10186
hostname240,192.168.55.240,37,10186
hostname241,192.168.55.241,37,10186
hostname242,192.168.55.242,37,10186
hostname243,192.168.55.243,37,10186
hostname244,192.168.55.244,37,10186
hostname245,192.168.55.245,37,10186
hostname246,192.168.55.246,37,10186
hostname247,192.168.55.247,37,10186
hostname248,192.168.55.248,37,10186
hostname249,192.168.55.249,37,10186
hostname250,192.168.55.250,37,10186
hostname251,192.168.57.1,37,10186
hostname252,192.168.57.2,37,10186
hostname253,192.168.57.3,37,10186
hostname254,192.168.57.4,37,10186
hostname255,192.168.57.5,37,10186
hostname256,192.168.57.6,37,10186
hostname257,192.168.57.7,37,10186
hostname258,192.168.57.8,37,10186
hostname259,192.168.57.9,37,10186
hostname260,192.168.57.10,37,10186
hostname261,192.168.57.11,37,10186
hostname262,192.168.57.12,37,10186
hostname263,192.168.57.13,37,10186
hostname264,192.168.57.14,37,10186
hostname265,192.168.57.15,37,10186
hostname266,192.168.57.16,37,10186
hostname267,192.168.57.17,37,10186
hostname268,192.168.57.18,37,10186
hostname269,192.168.57.19,37,10186
hostname270,192.168.57.20,37,10186
hostname271,192.168.57.21,37,10186
hostname272,192.168.57.22,37,10186
hostname273,192.168.57.23,37,10186
hostname274,192.168.57.24,37,10186
hostname275,192.168.57.25,37,10186
hostname276,192.168.57.26,37,10186
hostname277,192.168.57.27,37,10186
hostname278,192.168.57.28,37,10186
hostname279,192.168.57.29,37,10186
hostname280,192.168.57.30,37,10186
hostname281,192.168.57.31,37,10186
hostname282,192.168.57.32,37,10186
hostname283,192.168.57.33,37,10186
hostname284,192.168.57.34,37,10186
hostname285,192.168.57.35,37,10186
hostname286,192.168.57.36,37,10186
hostname287,192.168.57.37,37,10186
hostname288,192.168.57.38,37,10186
hostname289,192.168.57.39,37,10186
hostname290,192.168.57.40,37,10186
hostname291,192.168.57.41,37,10186
hostname292,192.168.57.42,37,10186
hostname293,192.168.57.43,37,10186
hostname294,192.168.57.44,37,10186
hostname295,192.168.57.45,37,10186
hostname296,192.168.57.46,37,10186
hostname297,192.168.57.47,37,10186
hostname298,192.168.57.48,37,10186
hostname299,192.168.57.49,37,10186
hostname300,192.168.57.50,37,10186
hostname301,192.168.57.51,37,10186
hostname302,192.168.57.52,37,10186
hostname303,192.168.57.53,37,10186
hostname304,192.168.57.54,37,10186
hostname305,192.168.57.55,37,10186
hostname306,192.168.57.56,37,10186
hostname307,192.168.57.57,37,10186
hostname308,192.168.57.58,37,10186
hostname309,192.168.57.59,37,10186
hostname310,192.168.57.60,37,10186
hostname311,192.168.57.61,37,10186
hostname312,192.168.57.62,37,10186
hostname313,192.168.57.63,37,10186
hostname314,192.168.57.64,37,10186
hostname315,192.168.57.65,37,10186
hostname316,192.168.57.66,37,10186
hostname317,192.168.57.67,37,10186
hostname318,192.168.57.68,37,10186
hostname319,192.168.57.69,37,10186
hostname320,192.168.57.70,37,10186
hostname321,192.168.57.71,37,10186
hostname322,192.168.57.72,37,10186
hostname323,192.168.57.73,37,10186
hostname324,192.168.57.74,37,10186
hostname325,192.168.57.75,37,10186
hostname326,192.168.57.76,37,10186
hostname327,192.168.57.77,37,10186
hostname328,192.168.57.78,37,10186
hostname329,192.168.57.79,37,10186
hostname330,192.168.57.80,37,10186
hostname331,192.168.57.81,37,10186
hostname332,192.168.57.82,37,10186
hostname333,192.168.57.83,37,10186
hostname334,192.168.57.84,37,10186
hostname335,192.168.57.85,37,10186
hostname336,192.168.57.86,37,10186
hostname337,192.168.57.87,37,10186
hostname338,192.168.57.88,37,10186
hostname339,192.168.57.89,37,10186
hostname340,192.168.57.90,37,10186
hostname341,192.168.57.91,37,10186
hostname342,192.168.57.92,37,10186
hostname343,192.168.57.93,37,10186
hostname344,192.168.57.94,37,10186
hostname345,192.168.57.95,37,10186
hostname346,192.168.57.96,37,10186
hostname347,192.168.57.97,37,10186
hostname348,192.168.57.98,37,10186
hostname349,192.168.57.99,37,10186
hostname350,192.168.57.100,37,10186
hostname351,192.168.57.101,37,10186
hostname352,192.168.57.102,37,10186
hostname353,192.168.57.103,37,10186
hostname354,192.168.57.104,37,10186
hostname355,192.168.57.105,37,10186
hostname356,192.168.57.106,37,10186
hostname357,192.168.57.107,37,10186
hostname358,192.168.57.108,37,10186
hostname359,192.168.57.109,37,10186
hostname360,192.168.57.110,37,10186
hostname361,192.168.57.111,37,10186
hostname362,192.168.57.112,37,10186
hostname363,192.168.57.113,37,10186
hostname364,192.168.57.114,37,10186
hostname365,192.168.57.115,37,10186
hostname366,192.168.57.116,37,10186
hostname367,192.168.57.117,37,10186
hostname368,192.168.57.118,37,10186
hostname369,192.168.57.119,37,10186
hostname370,192.168.57.120,37,10186
hostname371,192.168.57.121,37,10186
hostname372,192.168.57.122,37,10186
hostname373,192.168.57.123,37,10186
hostname374,192.168.57.124,37,10186
hostname375,192.168.57.125,37,10186
hostname376,192.168.57.126,37,10186
hostname377,192.168.57.127,37,10186
hostname378,192.168.57.128,37,10186
hostname379,192.168.57.129,37,10186
hostname380,192.168.57.130,37,10186
hostname381,192.168.57.131,37,10186
hostname382,192.168.57.132,37,10186
hostname383,192.168.57.133,37,10186
hostname384,192.168.57.134,37,10186
hostname385,192.168.57.135,37,10186
hostname386,192.168.57.136,37,10186
hostname387,192.168.57.137,37,10186
hostname388,192.168.57.138,37,10186
hostname389,192.168.57.139,37,10186
hostname390,192.168.57.140,37,10186
hostname391,192.168.57.141,37,10186
hostname392,192.168.57.142,37,10186
hostname393,192.168.57.143,37,10186
hostname394,192.168.57.144,37,10186
hostname395,192.168.57.145,37,10186
hostname396,192.168.57.146,37,10186
hostname397,192.168.57.147,37,10186
hostname398,192.168.57.148,37,10186
hostname399,192.168.57.149,37,10186
hostname400,192.168.57.150,37,10186
hostname401,192.168.57.151,37,10186
hostname402,192.168.57.152,37,10186
hostname403,192.168.57.153,37,10186
hostname404,192.168.57.154,37,10186
hostname405,192.168.57.155,37,10186
hostname406,192.168.57.156,37,10186
hostname407,192.168.57.157,37,10186
hostname408,192.168.57.158,37,10186
hostname409,192.168.57.159,37,10186
hostname410,192.168.57.160,37,10186
hostname411,192.168.57.161,37,10186
hostname412,192.168.57.162,37,10186
hostname413,192.168.57.163,37,10186
hostname414,192.168.57.164,37,10186
hostname415,192.168.57.165,37,10186
hostname416,192.168.57.166,37,10186
hostname417,192.168.57.167,37,10186
hostname418,192.168.57.168,37,10186
hostname419,192.168.57.169,37,10186
hostname420,192.168.57.170,37,10186
hostname421,192.168.57.171,37,10186
hostname422,192.168.57.172,37,10186
hostname423,192.168.57.173,37,10186
hostname424,192.168.57.174,37,10186
hostname425,192.168.57.175,37,10186
hostname426,192.168.57.176,37,10186
hostname427,192.168.57.177,37,10186
hostname428,192.168.57.178,37,10186
hostname429,192.168.57.179,37,10186
hostname430,192.168.57.180,37,10186
hostname431,192.168.57.181,37,10186
hostname432,192.168.57.182,37,10186
hostname433,192.168.57.183,37,10186
hostname434,192.168.57.184,37,10186
hostname435,192.168.57.185,37,10186
hostname436,192.168.57.186,37,10186
hostname437,192.168.57.187,37,10186
hostname438,192.168.57.188,37,10186
hostname439,192.168.57.189,37,10186
hostname440,192.168.57.190,37,10186
hostname441,192.168.57.191,37,10186
hostname442,192.168.57.192,37,10186
hostname443,192.168.57.193,37,10186
hostname444,192.168.57.194,37,10186
hostname445,192.168.57.195,37,10186
hostname446,192.168.57.196,37,10186
hostname447,192.168.57.197,37,10186
hostname448,192.168.57.198,37,10186
hostname449,192.168.57.199,37,10186
hostname450,192.168.57.200,37,10186
hostname451,192.168.57.201,37,10186
hostname452,192.168.57.202,37,10186
hostname453,192.168.57.203,37,10186
hostname454,192.168.57.204,37,10186
hostname455,192.168.57.205,37,10186
hostname456,192.168.57.206,37,10186
hostname457,192.168.57.207,37,10186
hostname458,192.168.57.208,37,10186
hostname459,192.168.57.209,37,10186
hostname460,192.168.57.210,37,10186
hostname461,192.168.57.211,37,10186
hostname462,192.168.57.212,37,10186
hostname463,192.168.57.213,37,10186
hostname464,192.168.57.214,37,10186
hostname465,192.168.57.215,37,10186
hostname466,192.168.57.216,37,10186
hostname467,192.168.57.217,37,10186
hostname468,192.168.57.218,37,10186
hostname469,192.168.57.219,37,10186
hostname470,192.168.57.220,37,10186
hostname471,192.168.57.221,37,10186
hostname472,192.168.57.222,37,10186
hostname473,192.168.57.223,37,10186
hostname474,192.168.57.224,37,10186
hostname475,192.168.57.225,37,10186
hostname476,192.168.57.226,37,10186
hostname477,192.168.57.227,37,10186
hostname478,192.168.57.228,37,10186
hostname479,192.168.57.229,37,10186
hostname480,192.168.57.230,37,10186
hostname481,192.168.57.231,37,10186
hostname482,192.168.57.232,37,10186
hostname483,192.168.57.233,37,10186
hostname484,192.168.57.234,37,10186
hostname485,192.168.57.235,37,10186
hostname486,192.168.57.236,37,10186
hostname487,192.168.57.237,37,10186
hostname488,192.168.57.238,37,10186
hostname489,192.168.57.239,37,10186
hostname490,192.168.57.240,37,10186
hostname491,192.168.57.241,37,10186
hostname492,192.168.57.242,37,10186
hostname493,192.168.57.243,37,10186
hostname494,192.168.57.244,37,10186
hostname495,192.168.57.245,37,10186
hostname496,192.168.57.246,37,10186
hostname497,192.168.57.247,37,10186
hostname498,192.168.57.248,37,10186
hostname499,192.168.57.249,37,10186
hostname500,192.168.57.250,37,10186
hostname501,192.168.57.251,37,10186
hostname502,192.168.57.252,37,10186
hostname503,192.168.57.253,37,10186
hostname504,192.168.57.254,37,10186
hostname505,192.168.58.1,37,10186
hostname506,192.168.58.2,37,10186
hostname507,192.168.58.3,37,10186
hostname508,192.168.58.4,37,10186
hostname509,192.168.58.5,37,10186
hostname510,192.168.58.6,37,10186
hostname511,192.168.58.7,37,10186
hostname512,192.168.58.8,37,10186
hostname513,192.168.58.9,37,10186
hostname514,192.168.58.10,37,10186
hostname515,192.168.58.11,37,10186
hostname516,192.168.58.12,37,10186